[Header],,,,,,,
IEMFileVersion,4,,,,,,
Date,22/05/2018,,,,,,
Workflow,GenerateFASTQ,,,,,,
Application,FASTQ Only,,,,,,
Assay,Nextera,,,,,,
Description,run-,,,,,,
Chemistry,Amplicon,,,,,,
,,,,,,,
[Reads],,,,,,,
151,,,,,,,
151,,,,,,,
,,,,,,,
[Settings],,,,,,,
ReverseComplement,0,,,,,,
Adapter,CTGTCTCTTATACACATCT,,,,,,
,,,,,,,
[Data],,,,,,,
Sample_ID,Sample_Name,Sample_Plate,Sample_Well,I7_Index_ID,index,Sample_Project,Description
,,P1,A01,TSP0001,GTCGTCGTCT,,
,,P1,B01,TSP0002,GATGTAGCGT,,
,,P1,C01,TSP0003,GTGCTGTCGT,,
,,P1,D01,TSP0004,TGAGCGTGCT,,
,,P1,E01,TSP0005,TGTGTGCATG,,
,,P1,F01,TSP0006,GAGTGCATCT,,
,,P1,G01,TSP0007,CAGTCAGAGT,,
,,P1,H01,TSP0008,GTATGAGCAC,,
,,P1,A02,TSP0009,TCTCTGTGCA,,
,,P1,B02,TSP0010,GCACGTAGCT,,
,,P1,C02,TSP0011,TGTCTCTATC,,
,,P1,D02,TSP0012,TATCTCATGC,,
,,P1,E02,TSP0013,TATCGATGCT,,
,,P1,F02,TSP0014,TGATACTCTG,,
,,P1,G02,TSP0015,TCAGCGATAT,,
,,P1,H02,TSP0016,GTAGTACACA,,
,,P1,A03,TSP0017,CATGATACGC,,
,,P1,B03,TSP0018,TGATGTATGT,,
,,P1,C03,TSP0019,TTGTTGCTGT,,
,,P1,D03,TSP0020,TGTTGTGGTA,,
,,P1,E03,TSP0021,GTTGATGAGT,,
,,P1,F03,TSP0022,CGTCTTCTTA,,
,,P1,G03,TSP0023,CTCTTAGTTC,,
,,P1,H03,TSP0024,TGGTGTCCGT,,
,,P1,A04,TSP0025,TTCTCATCGT,,
,,P1,B04,TSP0026,TTGTCCTTGC,,
,,P1,C04,TSP0027,CGTAATGAGC,,
,,P1,D04,TSP0028,GTGGCTTCGT,,
,,P1,E04,TSP0029,CGAATGTATG,,
,,P1,F04,TSP0030,TGTCAGCTTA,,
,,P1,G04,TSP0031,TTACACGTTC,,
,,P1,H04,TSP0032,TGACTAGCTT,,
,,P1,A05,TSP0033,TCGAGGTACT,,
,,P1,B05,TSP0034,CTAAGTCATG,,
,,P1,C05,TSP0035,CTGTTCTAGC,,
,,P1,D05,TSP0036,GATCCTGAGC,,
,,P1,E05,TSP0037,GTCGGTCTGA,,
,,P1,F05,TSP0038,CAGATGTCCT,,
,,P1,G05,TSP0039,CACTGCTTGA,,
,,P1,H05,TSP0040,CTTACGTTGC,,
,,P1,A06,TSP0041,TCCTTGTTCT,,
,,P1,B06,TSP0042,GAAGTCAAGC,,
,,P1,C06,TSP0043,GCGCATTATG,,
,,P1,D06,TSP0044,GACAGCAAGC,,
,,P1,E06,TSP0045,TCACGACGAA,,
,,P1,F06,TSP0046,TATGTGCCGT,,
,,P1,G06,TSP0047,GCCGTGATGT,,
,,P1,H06,TSP0048,GGTGTGTAAG,,
,,P1,A07,TSP0049,GTATTGCTGC,,
,,P1,B07,TSP0050,CTGAGCTTCT,,
,,P1,C07,TSP0051,TGCCAGTGTC,,
,,P1,D07,TSP0052,CTGAATGCTG,,
,,P1,E07,TSP0053,TGATAGCCTC,,
,,P1,F07,TSP0054,CGTTGAGTGC,,
,,P1,G07,TSP0055,GCTATGGTCA,,
,,P1,H07,TSP0056,CTGGTGGACT,,
,,P1,A08,TSP0057,CTCGACGTTA,,
,,P1,B08,TSP0058,TCTTCGGTGG,,
,,P1,C08,TSP0059,GCGGTATCTC,,
,,P1,D08,TSP0060,CGCATTATCA,,
,,P1,E08,TSP0061,TCCTAGATGA,,
,,P1,F08,TSP0062,TTCTCTTAGC,,
,,P1,G08,TSP0063,TTGGTAGATG,,
,,P1,H08,TSP0064,CTTGTGCATA,,
,,P1,A09,TSP0065,TCTCAGTTCT,,
,,P1,B09,TSP0066,GAGTTATCAG,,
,,P1,C09,TSP0067,GTAACTAGCA,,
,,P1,D09,TSP0068,GTGTGACTAA,,
,,P1,E09,TSP0069,GCAGTTGATT,,
,,P1,F09,TSP0070,TCACTAAGCT,,
,,P1,G09,TSP0071,CATGCGGAGA,,
,,P1,H09,TSP0072,CACTCGATAA,,
,,P1,A10,TSP0073,GAGTAGCCTG,,
,,P1,B10,TSP0074,CTGATGACTT,,
,,P1,C10,TSP0075,TCGAGTCGGA,,
,,P1,D10,TSP0076,TGATACCACT,,
,,P1,E10,TSP0077,TGACTCAATG,,
,,P1,F10,TSP0078,GGTATGGACG,,
,,P1,G10,TSP0079,TTGTGACGCA,,
,,P1,H10,TSP0080,GCGCTCTATT,,
,,P1,A11,TSP0081,TATGACTCGA,,
,,P1,B11,TSP0082,TGTCATCAAG,,
,,P1,C11,TSP0083,CATGCGCTTA,,
,,P1,D11,TSP0084,TTCGACTTGA,,
,,P1,E11,TSP0085,TCTCTGCGAT,,
,,P1,F11,TSP0086,GCTTACATTG,,
,,P1,G11,TSP0087,GCTTCACTAG,,
,,P1,H11,TSP0088,TCAAGAGTGC,,
,,P1,A12,TSP0089,GATAGGCACA,,
,,P1,B12,TSP0090,TACGATGCCA,,
,,P1,C12,TSP0091,GTACAGCAAT,,
,,P1,D12,TSP0092,CTAGGCTACA,,
,,P1,E12,TSP0093,GGTAGGCTAC,,
,,P1,F12,TSP0094,TCCGACAGTG,,
,,P1,G12,TSP0095,GAACACTCTG,,
,,P1,H12,TSP0096,TCACACTTAG,,
,,P2,A01,TSP0097,GTATCGTCGT,,
,,P2,B01,TSP0098,GTCGTGTACT,,
,,P2,C01,TSP0099,TCAGTGTCTC,,
,,P2,D01,TSP0100,CTGTGTCGTC,,
,,P2,E01,TSP0101,GATGCGAGCT,,
,,P2,F01,TSP0102,CGCAGTCTAT,,
,,P2,G01,TSP0103,CGAGTGCTGT,,
,,P2,H01,TSP0104,TATAGCACGC,,
,,P2,A02,TSP0105,TATGCGCTGC,,
,,P2,B02,TSP0106,CGCGTATCAT,,
,,P2,C02,TSP0107,TACTGAGCTG,,
,,P2,D02,TSP0108,GACGTCTGCT,,
,,P2,E02,TSP0109,CGTATGATGT,,
,,P2,F02,TSP0110,CTAGATCTGA,,
,,P2,G02,TSP0111,TATCAGTCTG,,
,,P2,H02,TSP0112,TCAGATGCTA,,
,,P2,A03,TSP0113,TCATATCGCG,,
,,P2,B03,TSP0114,GCACGCGTAT,,
,,P2,C03,TSP0115,TGATAGAGAG,,
,,P2,D03,TSP0116,CTCAGCAGTG,,
,,P2,E03,TSP0117,TACTGCAGCG,,
,,P2,F03,TSP0118,CACATACAGT,,
,,P2,G03,TSP0119,GAGACTATGC,,
,,P2,H03,TSP0120,CGACGCTGAT,,
,,P2,A04,TSP0121,GACGATCGCA,,
,,P2,B04,TSP0122,TCTACGACAT,,
,,P2,C04,TSP0123,CTACATACTA,,
,,P2,D04,TSP0124,CAGCATCTAG,,
,,P2,E04,TSP0125,TAGGTGGAAT,,
,,P2,F04,TSP0126,CTCGTTATTC,,
,,P2,G04,TSP0127,GGTGTTAGTG,,
,,P2,H04,TSP0128,GTTCGATTGT,,
,,P2,A05,TSP0129,GCGTCTGAAT,,
,,P2,B05,TSP0130,TTGCTTAGTC,,
,,P2,C05,TSP0131,TCTTGTTCAC,,
,,P2,D05,TSP0132,GAAGGAGATA,,
,,P2,E05,TSP0133,GTTCTTCGTA,,
,,P2,F05,TSP0134,TCGAATGTGC,,
,,P2,G05,TSP0135,TGCGGATGGT,,
,,P2,H05,TSP0136,TGTTACGATC,,
,,P2,A06,TSP0137,GTCTTGGCTC,,
,,P2,B06,TSP0138,TTACGCAGTG,,
,,P2,C06,TSP0139,GTATAACGCT,,
,,P2,D06,TSP0140,GAAGCGCACT,,
,,P2,E06,TSP0141,GGAGACTGTA,,
,,P2,F06,TSP0142,GCTCTAACAT,,
,,P2,G06,TSP0143,TTGTCGAGAC,,
,,P2,H06,TSP0144,TATCCGTGTC,,
,,P2,A07,TSP0145,CGTGTCCAGT,,
,,P2,B07,TSP0146,TGTGCCATCT,,
,,P2,C07,TSP0147,CTGCAAGTCT,,
,,P2,D07,TSP0148,GTGTCGAAGA,,
,,P2,E07,TSP0149,CTGTCGGATG,,
,,P2,F07,TSP0150,CTTGAGCGTC,,
,,P2,G07,TSP0151,CACGGAGTAT,,
,,P2,H07,TSP0152,TGTAGGACAC,,
,,P2,A08,TSP0153,CCGTTCGTTG,,
,,P2,B08,TSP0154,GGTCACATCA,,
,,P2,C08,TSP0155,CTGGAGCGAT,,
,,P2,D08,TSP0156,CCGTCTATAG,,
,,P2,E08,TSP0157,GTTAGCTTCG,,
,,P2,F08,TSP0158,GTCACGTGGT,,
,,P2,G08,TSP0159,TATCCGCATG,,
,,P2,H08,TSP0160,GACTACTCGT,,
,,P2,A09,TSP0161,CGAGGAGAAC,,
,,P2,B09,TSP0162,CATCTGCTAA,,
,,P2,C09,TSP0163,CTGTAGATTC,,
,,P2,D09,TSP0164,GGATCTCATA,,
,,P2,E09,TSP0165,TGCTCATTGA,,
,,P2,F09,TSP0166,TCGCATAAGT,,
,,P2,G09,TSP0167,TGCTTCAGAT,,
,,P2,H09,TSP0168,TGCAATGTGT,,
,,P2,A10,TSP0169,GATTGTTCTC,,
,,P2,B10,TSP0170,GATGACTGTT,,
,,P2,C10,TSP0171,GATGAATAGC,,
,,P2,D10,TSP0172,TCATTGCTAG,,
,,P2,E10,TSP0173,TCTTCGTAGA,,
,,P2,F10,TSP0174,CATGTTGTTG,,
,,P2,G10,TSP0175,CGATACGTGT,,
,,P2,H10,TSP0176,GCTTATCGAT,,
,,P2,A11,TSP0177,TATAGAGCCG,,
,,P2,B11,TSP0178,CTTAGAGTCG,,
,,P2,C11,TSP0179,GATGCAGCCA,,
,,P2,D11,TSP0180,GCTCTCTAGG,,
,,P2,E11,TSP0181,GAGTATCGCC,,
,,P2,F11,TSP0182,TCTAGGAGTG,,
,,P2,G11,TSP0183,TATGGATGAG,,
,,P2,H11,TSP0184,TGAGCACGTC,,
,,P2,A12,TSP0185,CGGTAGACAT,,
,,P2,B12,TSP0186,CGACAATCTA,,
,,P2,C12,TSP0187,TGATTGCGAC,,
,,P2,D12,TSP0188,GACGCAGCTT,,
,,P2,E12,TSP0189,CATGGCACTA,,
,,P2,F12,TSP0190,CAGGCAGATC,,
,,P2,G12,TSP0191,CGCGATACTT,,
,,P2,H12,TSP0192,GAGGACGAAG,,
,,P3,A01,TSP0193,GTGTATGCGT,,
,,P3,B01,TSP0194,GAGTGATCGT,,
,,P3,C01,TSP0195,CGCTGTAGTC,,
,,P3,D01,TSP0196,CATGTCGTCA,,
,,P3,E01,TSP0197,GAGTGTCACT,,
,,P3,F01,TSP0198,TGCGTAGTCG,,
,,P3,G01,TSP0199,CTGTACGTGA,,
,,P3,H01,TSP0200,CTGCATGATC,,
,,P3,A02,TSP0201,TAGTAGCGCG,,
,,P3,B02,TSP0202,TAGTCTGTCA,,
,,P3,C02,TSP0203,CATGCATCAT,,
,,P3,D02,TSP0204,CTAGCAGATG,,
,,P3,E02,TSP0205,CACGAGATGA,,
,,P3,F02,TSP0206,TCGATATCTA,,
,,P3,G02,TSP0207,TACATGATAG,,
,,P3,H02,TSP0208,TGTAGGTGGA,,
,,P3,A03,TSP0209,TTAGTGGTGA,,
,,P3,B03,TSP0210,TGTGAATCTC,,
,,P3,C03,TSP0211,CGTTAGCGTA,,
,,P3,D03,TSP0212,TACTAGGATC,,
,,P3,E03,TSP0213,GATGAGGTAT,,
,,P3,F03,TSP0214,TATGGTAAGG,,
,,P3,G03,TSP0215,CTTAGTTCGC,,
,,P3,H03,TSP0216,TCATTCAGTG,,
,,P3,A04,TSP0217,CCATATGATC,,
,,P3,B04,TSP0218,TCGCTGAACA,,
,,P3,C04,TSP0219,GAACTATCAC,,
,,P3,D04,TSP0220,CTGCGAATGT,,
,,P3,E04,TSP0221,TGGATGACAT,,
,,P3,F04,TSP0222,TTCGTTCCTG,,
,,P3,G04,TSP0223,GGACAGATGG,,
,,P3,H04,TSP0224,GGAACACAGG,,
,,P3,A05,TSP0225,GTACTAAGAG,,
,,P3,B05,TSP0226,GTCCAGACAT,,
,,P3,C05,TSP0227,GAGACCTCTA,,
,,P3,D05,TSP0228,GACAGGTGAC,,
,,P3,E05,TSP0229,CATACCTGAT,,
,,P3,F05,TSP0230,GTTGTCGCTT,,
,,P3,G05,TSP0231,GTGGTTAGGT,,
,,P3,H05,TSP0232,CCGTATGCTA,,
,,P3,A06,TSP0233,TTGTTGGCGG,,
,,P3,B06,TSP0234,CGTGTCTTAG,,
,,P3,C06,TSP0235,CAGCGTGTCT,,
,,P3,D06,TSP0236,GACTTCGCTA,,
,,P3,E06,TSP0237,GGACTAGGTA,,
,,P3,F06,TSP0238,TGCGATGAGG,,
,,P3,G06,TSP0239,GATTCAGCTC,,
,,P3,H06,TSP0240,GTCGAGGATC,,
,,P3,A07,TSP0241,GTCGAAGCTG,,
,,P3,B07,TSP0242,GGACGTGACT,,
,,P3,C07,TSP0243,CGCTAGGAGA,,
,,P3,D07,TSP0244,TCACTGGAGG,,
,,P3,E07,TSP0245,GGAGATCGAT,,
,,P3,F07,TSP0246,CTCTAGGTAT,,
,,P3,G07,TSP0247,CTGTACTGTT,,
,,P3,H07,TSP0248,CTAGCTCATT,,
,,P3,A08,TSP0249,GGATATACAC,,
,,P3,B08,TSP0250,CGTTGTTCTA,,
,,P3,C08,TSP0251,TAGCGTATTG,,
,,P3,D08,TSP0252,TAGCACATTC,,
,,P3,E08,TSP0253,TCTAGTATCC,,
,,P3,F08,TSP0254,CGATCTGTAT,,
,,P3,G08,TSP0255,CACTATGGAT,,
,,P3,H08,TSP0256,TATGCACTCT,,
,,P3,A09,TSP0257,TGATGCATTC,,
,,P3,B09,TSP0258,TGAGATTGGA,,
,,P3,C09,TSP0259,GCTTGCATAT,,
,,P3,D09,TSP0260,GACTCTTCAT,,
,,P3,E09,TSP0261,GTTGACATTC,,
,,P3,F09,TSP0262,TTAGAGATGG,,
,,P3,G09,TSP0263,GCTCAATAAC,,
,,P3,H09,TSP0264,TAGCATGGAT,,
,,P3,A10,TSP0265,TTCAGTCGCG,,
,,P3,B10,TSP0266,CCTGATGTGC,,
,,P3,C10,TSP0267,TAGCCTATAC,,
,,P3,D10,TSP0268,TCAGAGTCAT,,
,,P3,E10,TSP0269,TCGTTCAGAC,,
,,P3,F10,TSP0270,CCATGTGTCG,,
,,P3,G10,TSP0271,TGAACTACGA,,
,,P3,H10,TSP0272,TCGCAACAAT,,
,,P3,A11,TSP0273,GTAGCATTCT,,
,,P3,B11,TSP0274,CAGCCGATGT,,
,,P3,C11,TSP0275,GTCGTTAGAG,,
,,P3,D11,TSP0276,GCATCTATTG,,
,,P3,E11,TSP0277,GCATTCGTAC,,
,,P3,F11,TSP0278,CGGACTCTAG,,
,,P3,G11,TSP0279,CTATGACACT,,
,,P3,H11,TSP0280,GATGCAATCG,,
,,P3,A12,TSP0281,GTGCACGAAT,,
,,P3,B12,TSP0282,CGAAGTGCAC,,
,,P3,C12,TSP0283,TCTGACCAGT,,
,,P3,D12,TSP0284,TAGACTCCAT,,
,,P3,E12,TSP0285,GCGAACGTAC,,
,,P3,F12,TSP0286,TGCCTTCTTG,,
,,P3,G12,TSP0287,TCATACGGTA,,
,,P3,H12,TSP0288,TAGATCTACC,,
,,P4,A01,TSP0289,GCGTCGTGTA,,
,,P4,B01,TSP0290,CGCTATCAGT,,
,,P4,C01,TSP0291,GTGCTCATGT,,
,,P4,D01,TSP0292,GTCTACTGTC,,
,,P4,E01,TSP0293,GTATCTCTCG,,
,,P4,F01,TSP0294,TACATCGCTG,,
,,P4,G01,TSP0295,GACTGTACGT,,
,,P4,H01,TSP0296,TAGAGTCTGT,,
,,P4,A02,TSP0297,CGTCTATGAT,,
,,P4,B02,TSP0298,CAGCTATAGC,,
,,P4,C02,TSP0299,TGCGAGACGT,,
,,P4,D02,TSP0300,GCGTAGACGA,,
,,P4,E02,TSP0301,CGCAGAGCAT,,
,,P4,F02,TSP0302,TGTACAGCGA,,
,,P4,G02,TSP0303,GCAGCTGTCA,,
,,P4,H02,TSP0304,TCATCATGCG,,
,,P4,A03,TSP0305,GATATATGTC,,
,,P4,B03,TSP0306,GTGAAGGTAA,,
,,P4,C03,TSP0307,CTAATCGTGT,,
,,P4,D03,TSP0308,GGTGTCTTGT,,
,,P4,E03,TSP0309,CCTCGTTGTT,,
,,P4,F03,TSP0310,GTCTCAATGT,,
,,P4,G03,TSP0311,CATTCTCTGA,,
,,P4,H03,TSP0312,GGCTGTGATC,,
,,P4,A04,TSP0313,CTCAATCGTA,,
,,P4,B04,TSP0314,CGCTAATGTA,,
,,P4,C04,TSP0315,TTCTGTTGCC,,
,,P4,D04,TSP0316,CCTGTGTAGA,,
,,P4,E04,TSP0317,GATAAGAAGG,,
,,P4,F04,TSP0318,CAGGTCACAT,,
,,P4,G04,TSP0319,TCTGCCTATA,,
,,P4,H04,TSP0320,TGTTCGATAG,,
,,P4,A05,TSP0321,TGGAGCATGT,,
,,P4,B05,TSP0322,TTGTCACATC,,
,,P4,C05,TSP0323,TTCGAGCTAT,,
,,P4,D05,TSP0324,GGTCGTGCAT,,
,,P4,E05,TSP0325,CGAGCATTGT,,
,,P4,F05,TSP0326,TTGCACTCAG,,
,,P4,G05,TSP0327,CTGACAAGTG,,
,,P4,H05,TSP0328,CACGAAGAGC,,
,,P4,A06,TSP0329,GACGTGCTTC,,
,,P4,B06,TSP0330,TGGAGGTGTT,,
,,P4,C06,TSP0331,TGGAGTCATC,,
,,P4,D06,TSP0332,GTAATGTGCG,,
,,P4,E06,TSP0333,TGTGAGGTAC,,
,,P4,F06,TSP0334,TGTCAAGAGC,,
,,P4,G06,TSP0335,CTATAAGCGC,,
,,P4,H06,TSP0336,CGAAGCGTGA,,
,,P4,A07,TSP0337,GAGTCGATCC,,
,,P4,B07,TSP0338,GAAGTCGCTG,,
,,P4,C07,TSP0339,CTAAGCACGT,,
,,P4,D07,TSP0340,GTAGATGGAC,,
,,P4,E07,TSP0341,GCTGTCCGTA,,
,,P4,F07,TSP0342,TGAGCCACAT,,
,,P4,G07,TSP0343,CTGTATACCA,,
,,P4,H07,TSP0344,CACTTCAGTA,,
,,P4,A08,TSP0345,TCCATCGTAT,,
,,P4,B08,TSP0346,GTTGTCTTAC,,
,,P4,C08,TSP0347,CATTGCAGTT,,
,,P4,D08,TSP0348,GATTGATTGC,,
,,P4,E08,TSP0349,CTAGTAGCTT,,
,,P4,F08,TSP0350,GTATAGATCC,,
,,P4,G08,TSP0351,CATCATAGTC,,
,,P4,H08,TSP0352,TAAGTACGCA,,
,,P4,A09,TSP0353,TAGATCGAAG,,
,,P4,B09,TSP0354,CATGAGTACT,,
,,P4,C09,TSP0355,GTAAGTACTG,,
,,P4,D09,TSP0356,TGGACAGTAT,,
,,P4,E09,TSP0357,GTCTTAGACT,,
,,P4,F09,TSP0358,CTGATATCCG,,
,,P4,G09,TSP0359,TCTCGTACAA,,
,,P4,H09,TSP0360,GCATTCACGT,,
,,P4,A10,TSP0361,GAGTCCGACT,,
,,P4,B10,TSP0362,CGACGTTATC,,
,,P4,C10,TSP0363,TAGGTCTATG,,
,,P4,D10,TSP0364,TCGTAGACCT,,
,,P4,E10,TSP0365,GTATTCAGCA,,
,,P4,F10,TSP0366,CAGTGGACGT,,
,,P4,G10,TSP0367,TCTTCTATCG,,
,,P4,H10,TSP0368,CGGATAGCTG,,
,,P4,A11,TSP0369,TCTCATGTTG,,
,,P4,B11,TSP0370,TGGCACTATG,,
,,P4,C11,TSP0371,TATGGCACAT,,
,,P4,D11,TSP0372,TGACTTCTGA,,
,,P4,E11,TSP0373,CAGAGTTGTT,,
,,P4,F11,TSP0374,TGCAAGCTCA,,
,,P4,G11,TSP0375,GCTAGCTACT,,
,,P4,H11,TSP0376,GTCTTGCTTG,,
,,P4,A12,TSP0377,CGATCGAGGT,,
,,P4,B12,TSP0378,TCAGTACAGG,,
,,P4,C12,TSP0379,TGAGGCGACT,,
,,P4,D12,TSP0380,TATCCGACGT,,
,,P4,E12,TSP0381,GCGAATACTG,,
,,P4,F12,TSP0382,GATCTGCAAC,,
,,P4,G12,TSP0383,TTCGAGCAGC,,
,,P4,H12,TSP0384,CTACGGAGCT,,
